{
  "egg": {
    "Username": "egg",
    "PasswordHash": "$2a$11$UnH1wLxQNGhy15b6NCU3T.WIj1COjFggyVulovKMq5zAIDzQmujUC",
    "DisplayName": "egg",
    "Email": "",
    "AvatarEmoji": "\uD83D\uDE42",
    "ProfilePicFileId": "pfp_egg_1771444193",
    "Contacts": [
      "egg1"
    ],
    "Groups": [
      "13a9e92f1406"
    ],
    "CreatedAt": "2026-02-18T16:01:14.6742888Z"
  },
  "egg1": {
    "Username": "egg1",
    "PasswordHash": "$2a$11$6fiMa.k44.v5.oR67.5cUONRKQh8OAYBdBI0YRRJHnJvYFFFAPSAu",
    "DisplayName": "egg1",
    "Email": "",
    "AvatarEmoji": "\uD83D\uDE42",
    "ProfilePicFileId": "pfp_egg1_1771435750",
    "Contacts": [
      "egg"
    ],
    "Groups": [
      "13a9e92f1406"
    ],
    "CreatedAt": "2026-02-18T16:01:22.2383552Z"
  },
  "egg2": {
    "Username": "egg2",
    "PasswordHash": "$2a$11$57NFgPsyuovuxw5bMZUaU.SXR6oZfJ3/TLqs3DQer5UtcuZ2Tegem",
    "DisplayName": "egg2",
    "Email": "",
    "AvatarEmoji": "\uD83D\uDE42",
    "ProfilePicFileId": "pfp_egg2_1771439604",
    "Contacts": [],
    "Groups": [],
    "CreatedAt": "2026-02-18T16:07:15.1636007Z"
  },
  "atahan": {
    "Username": "atahan",
    "PasswordHash": "$2a$11$1Q/F1h7vjByyUQHSjXBbduPJsqZglb4lxk7/vTL/VhHrnCAqCXaFm",
    "DisplayName": "atahan",
    "Email": "",
    "AvatarEmoji": "\uD83D\uDE42",
    "ProfilePicFileId": "",
    "Contacts": [],
    "Groups": [],
    "CreatedAt": "2026-02-18T19:39:02.0736535Z"
  }
}